srcUsername,dstUsername,createdAt
legendaryChris,leoDiCap,2025-01-15T10:00:00Z
legendaryChris,tomHanks,2025-01-15T10:01:00Z
legendaryChris,chrisEvans,2025-01-15T10:02:00Z
legendaryChris,galGadot,2025-01-15T10:03:00Z
legendaryChris,chrisHemsworth,2025-01-15T10:04:00Z
leoDiCap,legendaryChris,2025-01-15T10:05:00Z
leoDiCap,merylStreep,2025-01-15T10:06:00Z
leoDiCap,denzelWashington,2025-01-15T10:07:00Z
leoDiCap,joaquinPhoenix,2025-01-15T10:08:00Z
merylStreep,legendaryChris,2025-01-15T10:09:00Z
merylStreep,denzelWashington,2025-01-15T10:10:00Z
merylStreep,cateBlanchett,2025-01-15T10:11:00Z
merylStreep,violaDavis,2025-01-15T10:12:00Z
tomHanks,legendaryChris,2025-01-15T10:13:00Z
tomHanks,robertDowneyJr,2025-01-15T10:14:00Z
tomHanks,chrisEvans,2025-01-15T10:15:00Z
tomHanks,ryanGosling,2025-01-15T10:16:00Z
scarlettJoh,chrisEvans,2025-01-15T10:17:00Z
scarlettJoh,chrisHemsworth,2025-01-15T10:18:00Z
scarlettJoh,robertDowneyJr,2025-01-15T10:19:00Z
scarlettJoh,paulRudd,2025-01-15T10:20:00Z
robertDowneyJr,chrisEvans,2025-01-15T10:21:00Z
robertDowneyJr,chrisHemsworth,2025-01-15T10:22:00Z
robertDowneyJr,scarlettJoh,2025-01-15T10:23:00Z
robertDowneyJr,markRuffalo,2025-01-15T10:24:00Z
emmaWatson,legendaryChris,2025-01-15T10:25:00Z
emmaWatson,zendaya,2025-01-15T10:26:00Z
emmaWatson,florencePugh,2025-01-15T10:27:00Z
emmaWatson,anyaTaylorJoy,2025-01-15T10:28:00Z
chrisEvans,legendaryChris,2025-01-15T10:29:00Z
chrisEvans,scarlettJoh,2025-01-15T10:30:00Z
chrisEvans,chrisHemsworth,2025-01-15T10:31:00Z
chrisEvans,robertDowneyJr,2025-01-15T10:32:00Z
jenniferLawrence,emmaWatson,2025-01-15T10:33:00Z
jenniferLawrence,zendaya,2025-01-15T10:34:00Z
jenniferLawrence,florencePugh,2025-01-15T10:35:00Z
jenniferLawrence,margotRobbie,2025-01-15T10:36:00Z
ryanGosling,legendaryChris,2025-01-15T10:37:00Z
ryanGosling,emmaStone,2025-01-15T10:38:00Z
ryanGosling,joaquinPhoenix,2025-01-15T10:39:00Z
ryanGosling,timotheeChalamet,2025-01-15T10:40:00Z
galGadot,legendaryChris,2025-01-15T10:41:00Z
galGadot,chrisEvans,2025-01-15T10:42:00Z
galGadot,chrisHemsworth,2025-01-15T10:43:00Z
galGadot,henryCavill,2025-01-15T10:44:00Z
chrisHemsworth,legendaryChris,2025-01-15T10:45:00Z
chrisHemsworth,chrisEvans,2025-01-15T10:46:00Z
chrisHemsworth,robertDowneyJr,2025-01-15T10:47:00Z
chrisHemsworth,chrisPratt,2025-01-15T10:48:00Z
zendaya,timotheeChalamet,2025-01-15T10:49:00Z
zendaya,florencePugh,2025-01-15T10:50:00Z
zendaya,anyaTaylorJoy,2025-01-15T10:51:00Z
zendaya,paulMescal,2025-01-15T10:52:00Z
timotheeChalamet,zendaya,2025-01-15T10:53:00Z
timotheeChalamet,oscarIsaac,2025-01-15T10:54:00Z
timotheeChalamet,paulMescal,2025-01-15T10:55:00Z
timotheeChalamet,legendaryChris,2025-01-15T10:56:00Z
lupitaNyongo,chadwickBoseman,2025-01-15T10:57:00Z
lupitaNyongo,michelleYeoh,2025-01-15T10:58:00Z
lupitaNyongo,violaDavis,2025-01-15T10:59:00Z
lupitaNyongo,octaviaSpencer,2025-01-15T11:00:00Z
denzelWashington,legendaryChris,2025-01-15T11:01:00Z
denzelWashington,chadwickBoseman,2025-01-15T11:02:00Z
denzelWashington,mahershalaAli,2025-01-15T11:03:00Z
denzelWashington,idrisElba,2025-01-15T11:04:00Z
angelinaJolie,legendaryChris,2025-01-15T11:05:00Z
angelinaJolie,lupitaNyongo,2025-01-15T11:06:00Z
angelinaJolie,michelleYeoh,2025-01-15T11:07:00Z
angelinaJolie,priyankaChopra,2025-01-15T11:08:00Z
bradPitt,legendaryChris,2025-01-15T11:09:00Z
bradPitt,leoDiCap,2025-01-15T11:10:00Z
bradPitt,ryanGosling,2025-01-15T11:11:00Z
bradPitt,joaquinPhoenix,2025-01-15T11:12:00Z
margotRobbie,legendaryChris,2025-01-15T11:13:00Z
margotRobbie,galGadot,2025-01-15T11:14:00Z
margotRobbie,emmaStone,2025-01-15T11:15:00Z
margotRobbie,florencePugh,2025-01-15T11:16:00Z
joaquinPhoenix,legendaryChris,2025-01-15T11:17:00Z
joaquinPhoenix,robertDowneyJr,2025-01-15T11:18:00Z
joaquinPhoenix,denzelWashington,2025-01-15T11:19:00Z
joaquinPhoenix,mahershalaAli,2025-01-15T11:20:00Z
emmaStone,ryanGosling,2025-01-15T11:21:00Z
emmaStone,legendaryChris,2025-01-15T11:22:00Z
emmaStone,emmaWatson,2025-01-15T11:23:00Z
emmaStone,zendaya,2025-01-15T11:24:00Z
matthewMcConaughey,legendaryChris,2025-01-15T11:25:00Z
matthewMcConaughey,denzelWashington,2025-01-15T11:26:00Z
matthewMcConaughey,tomHanks,2025-01-15T11:27:00Z
matthewMcConaughey,joaquinPhoenix,2025-01-15T11:28:00Z
keanuReeves,legendaryChris,2025-01-15T11:29:00Z
keanuReeves,chadwickBoseman,2025-01-15T11:30:00Z
keanuReeves,chrisEvans,2025-01-15T11:31:00Z
keanuReeves,henryCavill,2025-01-15T11:32:00Z
nataliePortman,legendaryChris,2025-01-15T11:33:00Z
nataliePortman,florencePugh,2025-01-15T11:34:00Z
nataliePortman,anyaTaylorJoy,2025-01-15T11:35:00Z
nataliePortman,michelleYeoh,2025-01-15T11:36:00Z
chadwickBoseman,denzelWashington,2025-01-15T11:37:00Z
chadwickBoseman,mahershalaAli,2025-01-15T11:38:00Z
chadwickBoseman,idrisElba,2025-01-15T11:39:00Z
chadwickBoseman,lupitaNyongo,2025-01-15T11:40:00Z
michelleYeoh,legendaryChris,2025-01-15T11:41:00Z
michelleYeoh,lupitaNyongo,2025-01-15T11:42:00Z
michelleYeoh,priyankaChopra,2025-01-15T11:43:00Z
michelleYeoh,octaviaSpencer,2025-01-15T11:44:00Z
pedroPascal,legendaryChris,2025-01-15T11:45:00Z
pedroPascal,oscarIsaac,2025-01-15T11:46:00Z
pedroPascal,chrisEvans,2025-01-15T11:47:00Z
pedroPascal,henryCavill,2025-01-15T11:48:00Z
florencePugh,zendaya,2025-01-15T11:49:00Z
florencePugh,anyaTaylorJoy,2025-01-15T11:50:00Z
florencePugh,emmaWatson,2025-01-15T11:51:00Z
florencePugh,elizabethOlsen,2025-01-15T11:52:00Z
paulMescal,timotheeChalamet,2025-01-15T11:53:00Z
paulMescal,oscarIsaac,2025-01-15T11:54:00Z
paulMescal,zendaya,2025-01-15T11:55:00Z
paulMescal,florencePugh,2025-01-15T11:56:00Z
anyaTaylorJoy,zendaya,2025-01-15T11:57:00Z
anyaTaylorJoy,florencePugh,2025-01-15T11:58:00Z
anyaTaylorJoy,nataliePortman,2025-01-15T11:59:00Z
anyaTaylorJoy,emmaWatson,2025-01-15T12:00:00Z
oscarIsaac,legendaryChris,2025-01-15T12:01:00Z
oscarIsaac,pedroPascal,2025-01-15T12:02:00Z
oscarIsaac,timotheeChalamet,2025-01-15T12:03:00Z
oscarIsaac,chrisEvans,2025-01-15T12:04:00Z
violaDavis,denzelWashington,2025-01-15T12:05:00Z
violaDavis,chadwickBoseman,2025-01-15T12:06:00Z
violaDavis,mahershalaAli,2025-01-15T12:07:00Z
violaDavis,octaviaSpencer,2025-01-15T12:08:00Z
idrisElba,chadwickBoseman,2025-01-15T12:09:00Z
idrisElba,denzelWashington,2025-01-15T12:10:00Z
idrisElba,mahershalaAli,2025-01-15T12:11:00Z
idrisElba,chrisEvans,2025-01-15T12:12:00Z
priyankaChopra,michelleYeoh,2025-01-15T12:13:00Z
priyankaChopra,lupitaNyongo,2025-01-15T12:14:00Z
priyankaChopra,angelinaJolie,2025-01-15T12:15:00Z
priyankaChopra,zendaya,2025-01-15T12:16:00Z
henryCavill,legendaryChris,2025-01-15T12:17:00Z
henryCavill,chrisEvans,2025-01-15T12:18:00Z
henryCavill,chrisHemsworth,2025-01-15T12:19:00Z
henryCavill,galGadot,2025-01-15T12:20:00Z
jamieFoxx,denzelWashington,2025-01-15T12:21:00Z
jamieFoxx,chadwickBoseman,2025-01-15T12:22:00Z
jamieFoxx,idrisElba,2025-01-15T12:23:00Z
jamieFoxx,mahershalaAli,2025-01-15T12:24:00Z
octaviaSpencer,violaDavis,2025-01-15T12:25:00Z
octaviaSpencer,lupitaNyongo,2025-01-15T12:26:00Z
octaviaSpencer,michelleYeoh,2025-01-15T12:27:00Z
octaviaSpencer,merylStreep,2025-01-15T12:28:00Z
mahershalaAli,denzelWashington,2025-01-15T12:29:00Z
mahershalaAli,chadwickBoseman,2025-01-15T12:30:00Z
mahershalaAli,violaDavis,2025-01-15T12:31:00Z
mahershalaAli,idrisElba,2025-01-15T12:32:00Z
rihanna,selenaGomez,2025-01-15T12:33:00Z
rihanna,arianaGrande,2025-01-15T12:34:00Z
rihanna,ladyGaga,2025-01-15T12:35:00Z
rihanna,zendaya,2025-01-15T12:36:00Z
selenaGomez,rihanna,2025-01-15T12:37:00Z
selenaGomez,zendaya,2025-01-15T12:38:00Z
selenaGomez,arianaGrande,2025-01-15T12:39:00Z
selenaGomez,florencePugh,2025-01-15T12:40:00Z
arianaGrande,rihanna,2025-01-15T12:41:00Z
arianaGrande,selenaGomez,2025-01-15T12:42:00Z
arianaGrande,ladyGaga,2025-01-15T12:43:00Z
arianaGrande,zendaya,2025-01-15T12:44:00Z
harryStyles,zendaya,2025-01-15T12:45:00Z
harryStyles,timotheeChalamet,2025-01-15T12:46:00Z
harryStyles,paulMescal,2025-01-15T12:47:00Z
harryStyles,florencePugh,2025-01-15T12:48:00Z
ladyGaga,rihanna,2025-01-15T12:49:00Z
ladyGaga,arianaGrande,2025-01-15T12:50:00Z
ladyGaga,bradleyCooper,2025-01-15T12:51:00Z
ladyGaga,legendaryChris,2025-01-15T12:52:00Z
chrisPratt,chrisEvans,2025-01-15T12:53:00Z
chrisPratt,chrisHemsworth,2025-01-15T12:54:00Z
chrisPratt,robertDowneyJr,2025-01-15T12:55:00Z
chrisPratt,legendaryChris,2025-01-15T12:56:00Z
elizabethOlsen,scarlettJoh,2025-01-15T12:57:00Z
elizabethOlsen,chrisEvans,2025-01-15T12:58:00Z
elizabethOlsen,benedictCumberbatch,2025-01-15T12:59:00Z
elizabethOlsen,paulRudd,2025-01-15T13:00:00Z
paulRudd,chrisEvans,2025-01-15T13:01:00Z
paulRudd,robertDowneyJr,2025-01-15T13:02:00Z
paulRudd,chrisHemsworth,2025-01-15T13:03:00Z
paulRudd,scarlettJoh,2025-01-15T13:04:00Z
benedictCumberbatch,legendaryChris,2025-01-15T13:05:00Z
benedictCumberbatch,elizabethOlsen,2025-01-15T13:06:00Z
benedictCumberbatch,chrisEvans,2025-01-15T13:07:00Z
benedictCumberbatch,tomHanks,2025-01-15T13:08:00Z
emilyBlunt,legendaryChris,2025-01-15T13:09:00Z
emilyBlunt,chrisEvans,2025-01-15T13:10:00Z
emilyBlunt,emmaWatson,2025-01-15T13:11:00Z
emilyBlunt,florencePugh,2025-01-15T13:12:00Z
jakeGyllenhaal,legendaryChris,2025-01-15T13:13:00Z
jakeGyllenhaal,joaquinPhoenix,2025-01-15T13:14:00Z
jakeGyllenhaal,denzelWashington,2025-01-15T13:15:00Z
jakeGyllenhaal,ryanGosling,2025-01-15T13:16:00Z
cateBlanchett,legendaryChris,2025-01-15T13:17:00Z
cateBlanchett,merylStreep,2025-01-15T13:18:00Z
cateBlanchett,violaDavis,2025-01-15T13:19:00Z
cateBlanchett,michelleYeoh,2025-01-15T13:20:00Z
nicoleKidman,legendaryChris,2025-01-15T13:21:00Z
nicoleKidman,cateBlanchett,2025-01-15T13:22:00Z
nicoleKidman,merylStreep,2025-01-15T13:23:00Z
nicoleKidman,florencePugh,2025-01-15T13:24:00Z

